season,month,holiday,day_of_week,workingday,weather,temp,atemp,humidity,windspeed,count
2,5,0,2,1,2,24.0,26.0,76.58,0.12,6073
4,12,0,2,1,1,15.0,19.0,73.38,0.17,6606
2,6,0,4,1,1,26.0,28.0,56.96,0.25,7363
4,12,0,0,0,1,0.0,4.0,58.63,0.17,2431
3,9,0,3,1,3,23.0,23.0,91.71,0.1,1996
2,5,0,2,1,2,24.0,26.0,69.71,0.34,4451
4,11,0,4,1,1,7.0,11.0,33.35,0.35,5315
2,6,0,2,1,1,23.0,26.0,50.71,0.27,4891
3,9,0,6,0,1,23.0,26.0,50.17,0.25,8714
3,8,0,3,1,1,30.0,30.0,61.96,0.17,7347
3,8,0,0,0,2,26.0,27.0,84.58,0.23,5255
3,8,0,0,0,1,30.0,30.0,56.18,0.3,4334
2,3,0,5,1,1,2.0,5.0,49.5,0.23,2210
2,5,0,4,1,1,22.0,25.0,52.0,0.23,7384
4,10,0,0,0,1,12.0,16.0,74.12,0.1,4381
3,9,0,0,0,1,23.0,25.0,54.75,0.22,8227
1,3,0,6,0,1,6.0,10.0,59.46,0.22,2132
3,9,0,2,1,1,21.0,24.0,52.0,0.09,7767
1,3,0,5,1,2,11.0,14.0,40.71,0.41,4569
2,4,0,6,0,2,7.0,11.0,87.75,0.13,2455
4,11,0,3,1,1,7.0,12.0,61.38,0.1,5146
4,11,0,0,0,1,6.0,10.0,53.29,0.18,5107
1,12,1,1,0,1,5.0,9.0,50.7,0.24,1317
1,1,0,1,1,2,-4.0,1.0,60.38,0.19,1501
4,12,0,3,1,3,11.0,14.0,97.04,0.27,705
1,3,0,1,1,1,14.0,18.0,48.92,0.21,5298
2,4,0,2,1,2,11.0,14.0,64.21,0.39,1795
2,5,0,0,0,1,18.0,22.0,63.17,0.07,4333
3,9,1,1,0,1,30.0,31.0,79.08,0.15,6034
1,1,0,0,0,2,8.0,11.0,69.61,0.25,801
2,5,0,0,0,1,24.0,26.0,57.63,0.23,6118
1,1,0,5,1,2,-2.0,3.0,79.3,0.12,1167
2,3,0,4,1,3,2.0,5.0,91.83,0.22,1685
4,11,0,6,0,1,6.0,9.0,51.92,0.19,3926
1,3,0,2,1,2,5.0,9.0,65.57,0.18,2056
3,7,1,1,0,2,31.0,31.0,63.79,0.08,6043
4,12,0,1,1,2,12.0,16.0,92.5,0.19,5170
3,6,0,2,1,2,28.0,29.0,77.04,0.17,4835
1,2,0,3,1,1,10.0,14.0,56.79,0.23,4773
3,8,0,1,1,1,27.0,28.0,71.21,0.21,4338
3,8,0,3,1,1,30.0,31.0,67.75,0.14,7580
3,7,0,5,1,1,37.0,36.0,45.08,0.15,6207
3,8,0,4,1,1,30.0,30.0,59.04,0.08,7713
2,4,0,6,0,2,5.0,9.0,65.38,0.2,2252
3,9,0,2,1,2,24.0,25.0,87.25,0.36,4073
1,1,0,5,1,1,6.0,10.0,54.21,0.17,4098
4,9,0,0,0,1,18.0,22.0,46.71,0.22,7907
2,5,0,5,1,1,15.0,19.0,59.0,0.23,4608
1,2,0,2,1,1,8.0,11.0,39.58,0.19,4363
4,12,0,0,0,2,9.0,14.0,90.54,0.16,3228
1,2,0,3,1,1,7.0,11.0,53.12,0.18,4169
4,11,0,6,0,1,7.0,12.0,55.29,0.21,4067
1,1,0,4,1,2,9.0,13.0,80.29,0.18,4097
1,1,0,4,1,1,-5.0,-1.0,47.04,0.3,1406
4,9,0,1,1,1,17.0,21.0,49.29,0.14,7436
1,3,0,3,1,1,21.0,24.0,50.71,0.12,6312
2,5,0,4,1,1,26.0,27.0,71.67,0.17,6770
1,12,0,1,1,2,-1.0,3.0,57.75,0.15,2729
3,6,0,5,1,1,34.0,35.0,57.38,0.18,5823
3,7,0,6,0,2,29.0,31.0,69.92,0.14,6969
3,8,0,6,0,2,28.0,29.0,85.0,0.38,1115
2,4,0,1,1,1,23.0,25.0,77.67,0.19,4073
1,3,0,0,0,2,15.0,18.0,81.0,0.13,5892
1,12,0,1,1,2,-0.0,5.0,79.13,0.08,920
4,11,0,0,0,1,7.0,12.0,73.46,0.09,3649
1,2,0,2,1,2,5.0,10.0,50.88,0.14,3922
2,5,0,2,1,2,27.0,27.0,74.08,0.21,4492
3,8,0,5,1,2,30.0,31.0,71.58,0.24,5786
1,1,0,6,0,2,-0.0,5.0,49.88,0.16,1248
4,11,0,1,1,2,9.0,13.0,62.33,0.24,5499
2,4,0,0,0,1,16.0,20.0,27.58,0.23,5169
1,2,0,4,1,2,4.0,7.0,69.74,0.25,1807
1,3,0,2,1,1,1.0,5.0,45.67,0.2,3956
3,7,0,4,1,1,34.0,36.0,58.33,0.18,4390
4,12,0,0,0,1,-1.0,5.0,49.0,0.07,2743
1,3,0,5,1,2,12.0,16.0,84.21,0.11,4378
2,5,0,4,1,1,19.0,22.0,74.75,0.19,4864
1,1,1,1,0,1,-3.0,1.0,52.25,0.23,2298
3,6,0,5,1,1,31.0,30.0,57.33,0.22,4991
3,7,0,1,1,1,31.0,32.0,66.88,0.15,7105
3,7,0,1,1,1,33.0,35.0,63.58,0.28,4086
4,9,0,3,1,2,25.0,25.0,84.88,0.15,3907
1,2,0,0,0,1,-7.0,-5.0,46.46,0.41,1529
2,6,0,6,0,1,22.0,25.0,54.92,0.19,8120
2,5,0,3,1,2,11.0,14.0,73.71,0.33,2633
2,5,0,4,1,2,18.0,21.0,82.96,0.11,4575
4,11,0,4,1,2,8.0,12.0,58.17,0.16,5986
1,2,1,1,0,2,4.0,7.0,60.5,0.31,1107
3,8,0,2,1,1,34.0,35.0,57.04,0.15,4602
2,4,0,6,0,2,14.0,17.0,88.79,0.23,4036
4,9,0,5,1,2,23.0,22.0,97.25,0.08,2395
4,10,0,1,1,2,9.0,14.0,76.08,0.08,3570
4,9,0,5,1,1,21.0,23.0,64.75,0.21,5202
4,12,0,5,1,1,3.0,9.0,69.58,0.08,3620
3,9,0,3,1,1,27.0,28.0,69.71,0.17,4785
3,7,0,6,0,1,32.0,31.0,44.46,0.12,5119
2,4,0,6,0,3,12.0,16.0,88.83,0.34,795
4,10,0,5,1,2,6.0,9.0,58.58,0.23,3747
2,3,0,4,1,1,20.0,22.0,83.12,0.12,6871
4,12,0,4,1,2,6.0,10.0,66.79,0.13,4128
3,7,0,0,0,1,37.0,39.0,57.38,0.13,4672
3,8,0,1,1,1,25.0,27.0,55.46,0.16,4634
3,8,0,5,1,2,28.0,29.0,72.29,0.14,4153
2,6,0,5,1,1,24.0,26.0,35.42,0.25,5312
4,11,0,3,1,2,13.0,16.0,75.79,0.34,2566
3,7,0,1,1,1,32.0,34.0,75.71,0.09,3840
2,4,0,2,1,1,14.0,18.0,39.67,0.1,6772
3,9,0,5,1,1,23.0,25.0,66.88,0.15,8167
4,10,0,6,0,1,12.0,16.0,62.92,0.09,4308
2,5,0,2,1,1,34.0,35.0,63.67,0.11,3982
2,6,0,1,1,1,28.0,28.0,60.0,0.12,4548
2,4,0,2,1,1,13.0,16.0,43.5,0.25,5918
2,6,0,1,1,1,25.0,27.0,49.46,0.31,5020
2,6,0,5,1,1,26.0,27.0,73.58,0.14,4844
2,5,0,4,1,1,30.0,30.0,67.75,0.2,4677
3,7,0,2,1,1,34.0,33.0,54.08,0.2,4590
2,5,0,2,1,2,24.0,25.0,79.46,0.15,5115
3,7,0,5,1,2,30.0,31.0,75.79,0.23,4040
4,11,0,1,1,3,13.0,17.0,91.0,0.14,2765
3,9,0,1,1,1,22.0,25.0,50.38,0.26,7525
4,10,0,0,0,1,18.0,21.0,64.04,0.28,6639
2,3,0,1,1,2,12.0,15.0,73.74,0.29,2077
3,8,0,0,0,1,29.0,30.0,53.04,0.12,6544
4,10,0,5,1,2,20.0,23.0,81.5,0.13,5424
3,8,0,4,1,1,30.0,31.0,65.46,0.23,3805
4,10,0,3,1,2,26.0,27.0,79.38,0.07,7572
2,4,0,1,1,2,23.0,25.0,71.7,0.32,3348
4,10,0,2,1,2,19.0,22.0,70.17,0.11,4748
1,3,0,2,1,1,20.0,23.0,80.79,0.12,6093
4,11,0,5,1,1,8.0,13.0,56.88,0.15,3910
1,2,0,3,1,1,-1.0,4.0,42.3,0.09,1917
1,1,0,5,1,2,12.0,15.0,74.12,0.34,3456
4,12,0,4,1,1,1.0,5.0,50.88,0.17,5375
1,12,0,0,0,1,1.0,4.0,48.33,0.35,1796
3,9,0,5,1,2,26.0,25.0,89.79,0.12,3544
2,5,0,1,1,2,21.0,24.0,78.96,0.21,2843
2,4,0,5,1,1,18.0,21.0,69.46,0.15,7290
4,9,0,4,1,1,24.0,25.0,69.92,0.17,4839
1,2,0,1,1,1,11.0,14.0,37.58,0.42,1913
2,4,0,0,0,2,22.0,24.0,81.08,0.19,4191
1,1,0,2,1,2,-1.0,4.0,61.7,0.13,1985
3,7,0,0,0,1,36.0,35.0,48.08,0.16,4302
2,6,0,0,0,2,29.0,30.0,66.67,0.1,4744
2,6,0,1,1,1,23.0,25.0,48.71,0.28,6998
1,2,0,3,1,2,1.0,5.0,77.54,0.26,1526
2,4,0,3,1,1,22.0,25.0,61.42,0.24,3944
2,5,0,2,1,2,20.0,23.0,83.79,0.28,4123
4,11,0,0,0,1,14.0,18.0,69.83,0.21,3071
3,8,0,4,1,1,30.0,30.0,42.38,0.16,4792
1,1,0,6,0,1,-3.0,2.0,65.17,0.15,1098
4,10,0,6,0,1,17.0,20.0,48.33,0.26,5217
1,2,0,5,1,2,8.0,11.0,71.22,0.35,1461
4,10,0,5,1,1,24.0,26.0,62.75,0.11,8156
4,10,0,3,1,1,14.0,17.0,69.29,0.1,7461
1,2,0,5,1,1,18.0,21.0,51.67,0.26,2927
1,12,0,5,1,2,1.0,5.0,59.0,0.16,3095
3,6,0,5,1,1,38.0,39.0,48.88,0.17,5463
2,4,0,0,0,3,10.0,14.0,83.54,0.34,1027
3,7,0,0,0,1,36.0,36.0,51.88,0.17,5531
1,3,0,6,0,2,9.0,13.0,78.92,0.25,2077
1,2,0,6,0,1,7.0,11.0,53.46,0.19,4318
1,1,0,5,1,2,-1.0,3.0,45.0,0.2,3163
4,10,0,2,1,2,13.0,17.0,76.17,0.19,6392
4,11,0,6,0,1,6.0,9.0,50.21,0.22,3663
2,3,0,2,1,1,5.0,9.0,29.0,0.19,5102
3,7,0,6,0,3,23.0,24.0,86.54,0.21,4459
3,8,0,2,1,1,25.0,27.0,45.54,0.15,5895
3,7,0,3,1,1,30.0,30.0,63.33,0.15,7264
2,4,0,6,0,1,13.0,16.0,25.42,0.27,6857
1,2,0,3,1,2,7.0,11.0,80.48,0.18,1834
4,10,0,4,1,2,26.0,27.0,72.29,0.12,7328
4,10,0,1,1,1,6.0,11.0,70.33,0.11,3669
4,10,0,6,0,1,20.0,23.0,66.42,0.27,7965
3,8,0,1,1,1,33.0,33.0,59.21,0.19,4326
4,9,0,3,1,1,25.0,27.0,63.08,0.24,7733
4,10,0,1,1,1,14.0,18.0,77.21,0.12,4187
1,1,0,6,0,1,-11.0,-6.0,40.0,0.17,981
1,2,0,6,0,1,3.0,5.0,39.58,0.42,2732
4,11,0,2,1,3,11.0,16.0,96.25,0.12,1607
3,7,0,2,1,1,34.0,36.0,65.04,0.13,4541
2,3,0,1,1,1,13.0,17.0,47.79,0.39,5558
2,5,0,3,1,2,20.0,22.0,87.0,0.2,3855
2,6,0,3,1,1,34.0,34.0,59.21,0.11,6211
3,8,0,1,1,1,34.0,33.0,55.08,0.16,4266
4,12,0,3,1,1,13.0,16.0,48.5,0.32,5729
4,11,0,2,1,2,7.0,9.0,66.29,0.34,4094
4,11,0,5,1,1,7.0,11.0,52.21,0.27,5847
2,5,0,0,0,1,24.0,26.0,53.04,0.25,7129
3,8,0,5,1,1,31.0,4.0,57.08,0.23,7148
3,8,0,6,0,1,29.0,30.0,67.42,0.1,5191
1,2,0,5,1,2,3.0,7.0,54.0,0.12,3831
3,7,0,0,0,2,27.0,28.0,76.25,0.09,7410
4,11,0,1,1,1,18.0,22.0,58.71,0.31,4486
3,7,0,0,0,2,30.0,31.0,68.25,0.23,4649
3,9,0,0,0,1,22.0,24.0,57.0,0.09,7333
3,9,0,5,1,1,25.0,26.0,67.25,0.1,8009
2,4,0,1,1,2,14.0,18.0,57.0,0.17,5572
4,10,0,4,1,1,16.0,19.0,62.08,0.13,4765
1,1,0,5,1,1,-4.0,-1.0,45.71,0.35,1543
2,6,0,1,1,2,25.0,27.0,74.62,0.16,4010
1,2,0,1,1,1,3.0,8.0,62.22,0.15,3784
4,11,0,1,1,1,5.0,8.0,49.42,0.24,5259
3,7,0,5,1,2,27.0,28.0,84.42,0.21,5870
3,6,0,0,0,1,28.0,29.0,51.33,0.09,5305
4,11,1,4,0,1,9.0,12.0,54.92,0.17,1495
3,7,0,1,1,1,32.0,33.0,65.12,0.22,4458
2,4,0,0,0,1,23.0,25.0,50.79,0.23,7132
3,9,0,3,1,1,31.0,34.0,74.12,0.19,7112
4,9,0,6,0,2,23.0,25.0,86.25,0.08,5423
2,5,0,1,1,2,19.0,22.0,66.42,0.23,6273
2,5,0,3,1,1,19.0,22.0,63.29,0.12,4182
4,12,0,1,1,2,9.0,14.0,82.71,0.06,3811
3,9,0,3,1,1,23.0,25.0,57.71,0.13,7870
2,5,0,5,1,1,25.0,26.0,73.54,0.16,6296
3,7,0,4,1,1,34.0,36.0,59.67,0.28,6861
3,8,0,3,1,1,28.0,29.0,55.21,0.11,7697
3,7,0,3,1,1,32.0,32.0,63.17,0.15,4342
2,5,0,6,0,1,23.0,25.0,62.67,0.12,5805
1,2,0,2,1,1,3.0,8.0,59.43,0.21,3777
2,4,0,6,0,1,21.0,23.0,68.29,0.28,6624
2,6,0,4,1,1,30.0,30.0,30.5,0.29,4968
4,11,0,0,0,1,0.0,5.0,46.83,0.15,2424
1,1,0,2,1,2,-4.0,1.0,68.64,0.12,1263
4,9,0,2,1,2,25.0,25.0,88.54,0.12,4120
2,4,0,4,1,1,13.0,16.0,60.29,0.16,3141
3,7,0,6,0,1,36.0,35.0,46.58,0.17,4475
1,12,0,0,0,1,0.0,5.0,51.54,0.13,1787
3,7,0,1,1,1,32.0,32.0,69.42,0.14,6966
3,7,0,1,1,1,34.0,33.0,44.71,0.2,6227
4,11,0,2,1,2,9.0,13.0,68.5,0.08,5634
2,6,0,6,0,1,25.0,26.0,50.42,0.17,7702
4,11,1,1,0,1,16.0,19.0,74.17,0.17,6269
4,11,0,2,1,2,14.0,17.0,83.08,0.26,2914
1,3,0,4,1,1,11.0,15.0,60.29,0.21,2744
1,3,0,6,0,1,15.0,18.0,37.92,0.37,3117
3,9,0,3,1,2,22.0,24.0,90.0,0.1,4352
2,5,1,1,0,1,31.0,31.0,68.5,0.13,4098
4,11,0,0,0,1,12.0,16.0,65.92,0.13,6852
2,5,0,2,1,1,31.0,31.0,68.46,0.3,5743
4,11,0,6,0,1,5.0,10.0,54.54,0.18,5629
2,4,0,6,0,1,16.0,20.0,50.29,0.19,7460
3,7,0,3,1,1,35.0,36.0,57.71,0.14,5713
2,4,0,5,1,1,10.0,14.0,37.71,0.3,6460
3,9,0,0,0,1,26.0,27.0,71.38,0.12,5046
1,1,0,4,1,1,2.0,7.0,52.42,0.13,3272
4,11,0,5,1,1,2.0,6.0,41.0,0.17,3392
2,6,0,3,1,2,33.0,34.0,67.71,0.21,3974
4,10,0,0,0,1,5.0,9.0,62.38,0.18,3331
3,7,0,0,0,1,32.0,32.0,57.83,0.18,4881
3,8,0,4,1,1,33.0,33.0,62.04,0.16,7286
4,12,0,4,1,2,12.0,15.0,63.42,0.27,3709
3,9,0,4,1,1,26.0,28.0,63.92,0.14,5115
2,3,0,2,1,1,4.0,7.0,31.42,0.23,2425
4,10,0,4,1,2,20.0,22.0,80.04,0.12,7359
1,2,0,4,1,1,14.0,17.0,55.46,0.19,5062
4,10,0,0,0,1,17.0,21.0,48.67,0.28,5041
4,10,0,3,1,1,17.0,21.0,63.08,0.19,7691
2,6,0,4,1,2,25.0,27.0,68.83,0.21,3767
3,8,0,6,0,1,28.0,28.0,60.33,0.18,7865
4,11,0,4,1,2,5.0,9.0,62.04,0.15,5445
2,6,0,0,0,2,26.0,28.0,65.25,0.14,4906
1,12,0,5,1,1,9.0,13.0,68.62,0.27,2209
1,1,0,2,1,2,9.0,12.0,71.61,0.35,2935
4,10,0,5,1,1,17.0,21.0,68.42,0.02,4985
2,5,0,6,0,1,18.0,21.0,54.12,0.16,4714
1,1,0,0,0,1,-9.0,-5.0,43.65,0.25,986
3,9,0,6,0,2,27.0,28.0,79.92,0.28,5976
4,10,0,6,0,2,18.0,21.0,72.0,0.24,7852
4,10,1,1,0,1,21.0,23.0,73.38,0.04,5117
2,4,1,1,0,1,27.0,28.0,56.17,0.28,6370
1,1,0,2,1,1,-6.0,-3.0,44.12,0.37,2236
1,1,0,3,1,3,-1.0,2.0,86.25,0.29,506
3,7,0,6,0,1,28.0,29.0,58.5,0.21,5923
1,3,0,0,0,2,9.0,12.0,94.83,0.34,605
1,1,0,0,0,1,-0.0,4.0,48.38,0.19,1204
2,4,0,3,1,1,7.0,10.0,46.96,0.3,4862
4,10,0,2,1,1,15.0,18.0,62.29,0.17,4687
3,9,0,4,1,1,24.0,26.0,63.71,0.08,7804
4,12,0,6,0,1,4.0,9.0,61.29,0.1,3614
1,1,0,4,1,1,-3.0,3.0,68.75,0.11,431
3,8,0,6,0,2,29.0,29.0,73.29,0.21,6299
1,2,0,0,0,1,5.0,9.0,45.74,0.26,1589
2,5,0,6,0,1,21.0,23.0,48.04,0.12,7429
2,5,0,3,1,2,26.0,28.0,67.0,0.13,6855
4,11,0,5,1,1,4.0,9.0,64.96,0.06,5668
3,7,0,0,0,1,32.0,33.0,71.79,0.17,6031
2,3,0,5,1,2,8.0,13.0,58.08,0.14,5459
1,1,0,1,1,2,-1.0,4.0,91.12,0.11,2432
1,3,0,0,0,1,9.0,13.0,52.74,0.27,2417
3,6,0,2,1,1,25.0,26.0,37.33,0.35,7442
2,4,0,0,0,2,12.0,15.0,67.62,0.17,6041
4,9,0,2,1,1,20.0,23.0,57.0,0.24,7538
1,3,0,3,1,1,10.0,13.0,51.33,0.35,4916
3,9,0,3,1,1,20.0,23.0,53.67,0.22,7591
4,10,0,1,1,2,20.0,23.0,70.75,0.3,5875
3,9,0,4,1,2,25.0,24.0,90.21,0.13,4795
3,7,0,5,1,1,38.0,39.0,54.25,0.17,3846
4,11,0,0,0,1,13.0,16.0,45.83,0.28,3717
2,5,1,1,0,1,30.0,32.0,67.62,0.2,6043
4,11,0,4,1,2,9.0,13.0,81.33,0.19,2933
2,6,0,1,1,2,21.0,23.0,77.79,0.17,5099
4,11,0,3,1,3,14.0,17.0,93.0,0.14,1817
1,1,0,6,0,2,-5.0,-1.0,53.58,0.27,959
1,1,0,0,0,1,3.0,6.0,31.13,0.24,3243
2,5,0,0,0,1,23.0,25.0,74.96,0.15,4660
2,3,0,1,1,1,2.0,5.0,30.22,0.21,2028
2,4,0,1,1,2,5.0,8.0,76.67,0.3,3214
2,5,0,5,1,1,21.0,24.0,52.33,0.14,7639
3,8,0,4,1,2,30.0,31.0,75.75,0.2,4576
3,8,0,5,1,2,33.0,35.0,64.25,0.22,7175
3,7,0,1,1,1,33.0,35.0,64.5,0.16,6830
1,2,0,5,1,1,5.0,8.0,52.67,0.18,4151
4,10,0,2,1,2,5.0,9.0,82.55,0.21,1096
2,5,0,6,0,2,24.0,26.0,75.67,0.15,6883
3,9,0,6,0,1,27.0,27.0,75.38,0.15,5345
2,4,0,5,1,1,13.0,16.0,40.83,0.16,6398
1,12,0,6,0,1,4.0,8.0,54.25,0.19,1011
3,9,0,1,1,1,26.0,27.0,69.22,0.09,4713
4,10,0,2,1,1,16.0,19.0,71.0,0.21,4456
3,6,0,2,1,1,32.0,33.0,63.42,0.14,4648
4,10,0,0,0,1,19.0,22.0,72.75,0.06,5511
1,1,0,4,1,2,7.0,11.0,76.96,0.07,4075
2,5,0,3,1,2,24.0,26.0,77.46,0.1,5260
3,8,0,1,1,2,32.0,34.0,65.42,0.13,7013
2,5,0,2,1,1,19.0,22.0,48.92,0.12,4803
2,5,0,3,1,1,27.0,28.0,69.62,0.15,4978
4,10,0,0,0,2,11.0,15.0,70.83,0.14,3510
4,12,0,0,0,2,8.0,12.0,83.88,0.1,3786
1,3,0,1,1,1,5.0,10.0,49.7,0.14,2046
3,8,0,3,1,1,27.0,29.0,60.5,0.25,5130
1,2,0,1,1,1,2.0,8.0,73.83,0.05,1712
1,2,0,4,1,1,2.0,6.0,56.21,0.19,3830
1,12,0,4,1,2,1.0,3.0,65.29,0.35,2114
2,6,0,4,1,2,36.0,37.0,56.83,0.15,915
1,2,0,1,1,1,8.0,12.0,49.08,0.27,4322
2,5,0,0,0,1,28.0,29.0,69.71,0.22,6591
3,8,0,2,1,1,25.0,26.0,54.83,0.13,5204
4,11,0,4,1,1,3.0,8.0,55.57,0.12,5323
3,9,1,1,0,2,27.0,28.0,79.04,0.21,3351
1,12,0,4,1,2,12.0,16.0,75.75,0.05,7258
2,6,0,2,1,2,26.0,27.0,83.33,0.21,4972
2,5,0,0,0,2,13.0,17.0,76.21,0.11,3351
1,3,0,5,1,2,5.0,8.0,64.96,0.23,1977
1,1,0,0,0,1,-6.0,-4.0,43.42,0.36,822
1,12,0,6,0,1,11.0,15.0,61.58,0.22,2485
2,6,0,5,1,1,26.0,27.0,46.79,0.18,7736
1,1,0,3,1,2,-8.0,-3.0,41.46,0.18,2368
3,6,0,4,1,1,29.0,29.0,43.42,0.19,5515
2,5,0,4,1,1,17.0,20.0,55.21,0.31,6572
3,9,0,6,0,2,16.0,19.0,71.83,0.19,4511
2,5,0,1,1,2,23.0,25.0,81.12,0.23,4359
1,3,0,2,1,1,2.0,6.0,53.5,0.22,1851
3,6,0,3,1,1,29.0,29.0,36.0,0.27,1430
3,8,0,1,1,1,29.0,29.0,47.0,0.28,818
1,2,0,0,0,2,3.0,6.0,51.58,0.25,7766
2,6,0,6,0,1,31.0,32.0,65.46,0.15,4966
1,3,0,6,0,1,3.0,6.0,35.04,0.23,4118
3,8,0,6,0,1,35.0,36.0,61.33,0.26,3569
1,2,0,2,1,1,7.0,12.0,49.62,0.15,4375
1,2,0,0,0,1,3.0,6.0,41.0,0.21,3389
1,2,0,4,1,1,12.0,16.0,50.5,0.23,2475
1,12,0,0,0,1,2.0,7.0,68.13,0.16,754
4,12,0,2,1,1,3.0,8.0,59.0,0.14,3523
2,4,0,5,1,2,6.0,9.0,72.96,0.22,1683
1,12,0,6,0,1,2.0,4.0,44.12,0.41,1749
3,7,0,4,1,1,37.0,37.0,45.79,0.19,6241
4,10,0,1,1,1,19.0,21.0,57.96,0.18,4570
1,1,0,1,1,1,-9.0,-4.0,49.17,0.16,1416
4,11,1,5,0,1,5.0,8.0,44.62,0.31,8872
3,7,0,4,1,1,34.0,34.0,60.04,0.17,6591
1,1,0,6,0,1,5.0,10.0,54.33,0.21,4023
2,5,0,0,0,2,20.0,23.0,86.71,0.15,4553
2,5,0,3,1,1,25.0,27.0,69.79,0.12,2180
3,7,0,6,0,1,39.0,40.0,49.21,0.16,4840
2,5,0,2,1,2,22.0,24.0,68.58,0.3,360
3,6,0,6,0,1,29.0,30.0,48.33,0.21,5202
2,5,0,3,1,2,21.0,24.0,74.42,0.22,4717
2,5,0,4,1,1,28.0,29.0,49.29,0.2,7338
4,11,0,1,1,1,10.0,14.0,75.88,0.06,4035
4,11,0,6,0,1,3.0,5.0,40.46,0.38,2277
3,8,0,5,1,1,30.0,30.0,63.08,0.18,4866
2,4,0,2,1,2,17.0,20.0,73.92,0.27,2034
4,10,0,3,1,1,22.0,24.0,63.62,0.07,7693
4,12,0,1,1,1,2.0,7.0,63.75,0.17,3403
1,2,0,0,0,1,3.0,6.0,40.78,0.22,1812
4,10,0,5,1,1,12.0,16.0,57.42,0.22,4304
1,2,0,0,0,2,2.0,6.0,68.79,0.18,2947
1,2,0,6,0,1,3.0,7.0,53.79,0.19,1969
3,8,0,2,1,1,26.0,27.0,67.38,0.07,7006
3,7,0,3,1,1,34.0,33.0,40.29,0.18,4656
1,1,0,4,1,2,1.0,5.0,53.83,0.2,1927
1,1,0,1,1,2,-1.0,5.0,70.17,0.1,2376
1,3,0,3,1,1,6.0,9.0,44.96,0.31,2134
3,7,0,4,1,1,28.0,29.0,47.62,0.24,5084
2,3,0,3,1,2,7.0,10.0,83.96,0.23,2121
1,2,0,5,1,1,7.0,11.0,63.46,0.21,4154
2,5,0,6,0,1,23.0,25.0,45.62,0.08,8294
3,7,0,4,1,1,32.0,32.0,65.12,0.16,4592
4,12,0,3,1,2,4.0,8.0,53.83,0.16,5319
1,3,0,4,1,1,-3.0,2.0,31.83,0.23,1685
2,4,0,2,1,2,17.0,20.0,66.58,0.16,3204
3,8,0,4,1,1,32.0,34.0,65.96,0.13,7261
2,6,0,2,1,1,28.0,30.0,69.0,0.15,6825
4,11,0,3,1,2,4.0,6.0,54.75,0.3,5035
1,1,0,2,1,1,-2.0,2.0,59.04,0.16,1562
4,10,0,5,1,2,19.0,22.0,80.71,0.13,7444
4,9,0,5,1,2,24.0,26.0,69.0,0.16,3919
3,8,0,4,1,1,29.0,29.0,63.58,0.08,7765
3,6,0,3,1,1,31.0,33.0,70.75,0.17,4507
1,3,0,1,1,1,1.0,4.0,55.13,0.34,7124
4,12,0,1,1,1,0.0,6.0,67.08,0.06,3310
4,10,0,3,1,1,19.0,22.0,64.79,0.18,4826
1,1,0,3,1,1,4.0,6.0,44.33,0.42,3376
4,10,0,4,1,1,12.0,16.0,46.33,0.18,7570
1,2,0,0,0,1,7.0,11.0,68.0,0.13,2402
4,12,0,3,1,1,6.0,11.0,62.54,0.18,5267
3,9,0,4,1,2,21.0,24.0,70.92,0.27,3659
2,4,1,5,0,1,13.0,17.0,67.12,0.23,3126
3,8,0,6,0,2,28.0,30.0,72.96,0.21,10045
3,9,0,2,1,1,31.0,32.0,75.5,0.24,6864
3,8,0,3,1,2,31.0,32.0,65.75,0.14,3574
1,2,0,6,0,2,-0.0,4.0,92.92,0.16,1005
3,8,0,3,1,1,26.0,28.0,59.79,0.08,5058
4,11,0,6,0,2,7.0,9.0,49.12,0.27,5138
2,6,0,6,0,1,25.0,26.0,45.62,0.12,5342
1,2,0,4,1,2,5.0,10.0,75.29,0.09,3005
1,2,0,5,1,1,-3.0,2.0,50.64,0.11,1746
1,1,1,1,0,2,-4.0,0.0,53.75,0.19,1000
3,6,0,0,0,1,32.0,31.0,47.92,0.15,6891
3,7,0,2,1,1,32.0,33.0,59.04,0.13,4665
1,12,0,6,0,2,1.0,4.0,75.29,0.12,1341
4,12,0,5,1,2,9.0,12.0,50.04,0.26,7557
1,1,0,6,0,2,7.0,12.0,80.58,0.16,985
2,4,0,3,1,2,14.0,18.0,56.92,0.17,4367
4,12,0,6,0,1,5.0,10.0,65.04,0.11,5047
1,3,0,4,1,1,20.0,23.0,57.96,0.15,6192
1,3,0,3,1,2,8.0,12.0,77.65,0.2,2192
4,12,0,2,1,3,14.0,18.0,94.96,0.23,2594
1,2,0,6,0,3,-1.0,2.0,73.12,0.29,2169
1,3,0,2,1,1,3.0,8.0,42.08,0.12,2133
1,12,0,3,1,1,4.0,7.0,50.39,0.29,2302
2,4,0,4,1,2,24.0,25.0,70.08,0.32,4058
4,10,0,5,1,2,20.0,22.0,71.62,0.22,3644
4,11,1,4,0,1,6.0,11.0,58.04,0.05,8223
4,12,0,3,1,2,5.0,10.0,66.38,0.06,3740
2,5,0,0,0,1,27.0,28.0,81.88,0.21,4788
1,1,0,2,1,1,10.0,13.0,41.67,0.26,4509
3,6,0,6,0,1,31.0,30.0,53.46,0.18,7458
3,7,0,5,1,1,27.0,28.0,59.13,0.18,5538
1,3,0,6,0,2,11.0,15.0,62.12,0.16,4066
3,8,0,2,1,2,31.0,33.0,70.38,0.12,7273
2,3,0,6,0,1,2.0,5.0,39.42,0.21,2496
1,2,0,4,1,2,10.0,14.0,67.29,0.19,3761
3,7,0,0,0,1,30.0,31.0,62.38,0.17,6597
2,3,0,0,0,2,1.0,5.0,49.39,0.18,1693
4,10,0,0,0,2,7.0,11.0,79.17,0.22,2918
4,12,0,4,1,1,2.0,5.0,58.0,0.24,7938
1,1,0,5,1,1,-5.0,1.0,53.78,0.13,6079
1,3,0,1,1,1,0.0,4.0,50.62,0.23,8859
4,10,1,1,0,2,9.0,13.0,70.96,0.19,5478
3,8,0,5,1,1,30.0,30.0,41.5,0.13,4905
2,4,0,0,0,1,9.0,13.0,48.0,0.18,3249
2,3,0,5,1,2,23.0,25.0,69.42,0.12,8362
3,7,0,2,1,1,32.0,34.0,65.5,0.21,7592
4,9,0,1,1,2,26.0,26.0,84.83,0.11,4630
3,8,0,0,0,1,32.0,34.0,75.29,0.2,3785
1,3,0,2,1,1,21.0,23.0,61.75,0.24,5847
4,10,0,6,0,3,1.0,3.0,88.25,0.35,627
3,9,0,4,1,2,29.0,30.0,81.04,0.14,6203
2,5,0,5,1,2,17.0,20.0,86.33,0.18,9696
4,12,0,6,0,1,2.0,6.0,50.75,0.23,3190
4,12,0,6,0,2,1.0,5.0,56.08,0.24,2739
4,11,0,1,1,1,5.0,10.0,53.54,0.05,5087
4,11,0,2,1,1,3.0,7.0,56.71,0.17,5686
4,12,0,5,1,1,3.0,8.0,64.29,0.13,5611
1,2,0,4,1,1,-6.0,-2.0,43.74,0.22,1538
1,3,0,4,1,1,18.0,22.0,56.75,0.44,2060
1,3,0,4,1,3,10.0,13.0,0.0,0.26,623
1,3,0,5,1,1,19.0,22.0,52.52,0.23,3239
4,10,0,0,0,2,15.0,18.0,69.46,0.4,4459
1,3,0,6,0,2,17.0,21.0,75.58,0.11,7836
2,5,0,5,1,1,19.0,22.0,71.96,0.13,4917
4,10,0,5,1,1,13.0,16.0,53.92,0.24,7282
3,7,0,3,1,1,31.0,30.0,45.0,0.16,8173
2,4,0,5,1,1,17.0,20.0,45.71,0.24,4595
4,10,0,2,1,1,19.0,22.0,64.17,0.09,7466
1,3,0,5,1,2,7.0,12.0,65.71,0.14,3194
1,2,0,5,1,2,-2.0,3.0,58.52,0.13,1708
3,7,0,4,1,2,36.0,41.0,69.12,0.22,3784
2,6,0,4,1,1,23.0,25.0,56.71,0.16,7494
1,12,1,2,0,2,3.0,8.0,73.48,0.17,1013
4,11,0,6,0,1,10.0,14.0,64.54,0.06,2816
3,7,0,1,1,2,30.0,30.0,68.33,0.18,6569
2,4,0,6,0,1,15.0,18.0,50.33,0.24,5312
2,3,0,4,1,2,3.0,6.0,80.58,0.24,7352
4,12,0,4,1,1,5.0,8.0,52.46,0.22,3727
1,1,0,3,1,2,2.0,7.0,84.75,0.13,2177
3,7,0,5,1,1,31.0,30.0,39.62,0.1,5362
2,4,0,1,1,1,17.0,21.0,54.25,0.16,3429
1,1,0,2,1,2,-1.0,4.0,86.17,0.15,683
1,1,0,4,1,1,-3.0,1.0,49.75,0.22,7999
4,11,0,2,1,2,18.0,21.0,68.88,0.2,4195
1,2,0,1,1,1,-1.0,3.0,41.12,0.17,3422
3,7,0,5,1,1,38.0,42.0,58.04,0.13,3387
2,4,0,4,1,1,10.0,13.0,46.62,0.29,5409
4,12,0,2,1,2,9.0,14.0,59.54,0.06,3750
1,1,0,0,0,2,-5.0,-1.0,79.62,0.2,1977
1,2,0,2,1,1,2.0,5.0,31.43,0.29,1815
4,10,0,4,1,2,18.0,21.0,72.83,0.24,7509
3,7,0,6,0,1,31.0,31.0,60.92,0.17,5336
1,1,0,0,0,1,-4.0,-1.0,41.92,0.25,2311
1,1,0,3,1,1,-4.0,-1.0,59.95,0.3,1162
2,3,0,3,1,2,4.0,8.0,64.67,0.17,1536
2,6,0,0,0,1,23.0,25.0,49.33,0.18,7641
2,6,0,2,1,2,19.0,22.0,61.33,0.21,7001
2,5,0,6,0,1,26.0,28.0,72.96,0.23,4758
2,4,0,2,1,1,23.0,27.0,39.04,0.27,6691
4,9,0,4,1,2,26.0,27.0,69.08,0.13,7393
4,11,0,1,1,1,17.0,20.0,74.3,0.14,3867
4,10,0,6,0,2,11.0,15.0,75.38,0.29,2429
3,8,0,5,1,2,29.0,30.0,61.5,0.07,7582
3,8,0,1,1,1,29.0,30.0,73.04,0.13,6917
4,11,0,5,1,1,7.0,11.0,52.46,0.17,5698
3,6,0,4,1,2,31.0,33.0,70.33,0.24,4790
2,5,0,1,1,2,20.0,23.0,73.0,0.18,4401
1,2,0,6,0,1,10.0,14.0,18.79,0.51,1635
1,2,0,2,1,2,-3.0,4.0,82.96,0.05,1360
3,8,0,3,1,2,32.0,34.0,67.29,0.11,7534
3,9,0,6,0,1,27.0,29.0,71.67,0.19,4484
1,1,1,1,0,1,2.0,5.0,38.13,0.33,6801
1,2,0,3,1,2,1.0,6.0,72.29,0.13,2802
2,4,0,4,1,1,12.0,16.0,37.42,0.22,6457
4,10,0,1,1,3,13.0,17.0,88.0,0.36,22
1,1,0,5,1,1,2.0,5.0,50.75,0.38,8961
2,4,0,3,1,2,24.0,25.0,83.54,0.31,3872
2,3,0,0,0,2,13.0,17.0,88.08,0.22,4996
3,6,0,4,1,1,36.0,36.0,56.79,0.12,5905
2,6,0,5,1,1,25.0,27.0,58.96,0.18,7665
2,4,0,3,1,1,10.0,13.0,47.08,0.26,2808
3,8,0,5,1,1,33.0,32.0,58.75,0.17,7350
4,12,0,5,1,1,5.0,10.0,62.58,0.1,3940
4,10,0,4,1,2,15.0,18.0,81.29,0.2,2659
2,6,0,1,1,2,30.0,31.0,58.79,0.21,6664
3,9,0,2,1,2,20.0,23.0,88.12,0.13,3641
4,11,0,6,0,1,9.0,13.0,68.17,0.07,3068
1,3,0,5,1,2,1.0,5.0,61.04,0.2,1944
1,1,0,1,1,1,2.0,6.0,40.08,0.22,3624
4,10,0,6,0,1,10.0,14.0,49.46,0.15,7109
2,5,0,3,1,1,21.0,23.0,79.71,0.14,6169
1,3,0,0,0,1,8.0,12.0,47.7,0.22,4911
3,6,0,1,1,1,30.0,30.0,50.42,0.3,6779
4,10,0,4,1,2,22.0,24.0,89.67,0.14,2913
2,5,0,1,1,1,21.0,24.0,78.79,0.13,3958
1,3,0,1,1,1,19.0,23.0,72.88,0.16,6153
4,10,0,2,1,3,22.0,23.0,87.17,0.1,4639
4,11,0,3,1,1,10.0,15.0,75.83,0.06,4109
4,10,0,0,0,1,14.0,18.0,51.0,0.17,6824
1,1,0,6,0,2,-4.0,0.0,83.12,0.22,1301
2,6,0,5,1,2,26.0,27.0,75.54,0.24,4127
4,10,0,3,1,2,16.0,19.0,72.04,0.15,3894
2,4,0,5,1,2,4.0,7.0,68.62,0.26,2227
3,9,0,2,1,3,19.0,21.0,88.7,0.34,2710
3,8,0,4,1,1,30.0,30.0,51.92,0.14,7605
1,1,0,0,0,1,-1.0,5.0,72.22,0.07,1096
4,10,0,3,1,2,8.0,12.0,66.67,0.17,5566
3,9,0,2,1,1,26.0,27.0,71.25,0.14,4763
1,12,0,5,1,2,6.0,8.0,55.67,0.37,8420
3,7,0,2,1,1,37.0,37.0,50.58,0.11,6786
4,11,0,3,1,1,5.0,9.0,61.33,0.27,3613
4,11,0,2,1,1,11.0,15.0,72.17,0.07,4205
4,12,0,6,0,2,4.0,9.0,80.67,0.06,5191
2,4,0,0,0,1,14.0,17.0,58.71,0.12,2358
3,7,0,5,1,2,31.0,31.0,48.58,0.08,7499
1,12,0,5,1,1,5.0,9.0,63.67,0.13,2999
2,6,0,5,1,1,33.0,33.0,60.5,0.14,4586
3,8,0,0,0,2,25.0,27.0,71.17,0.09,4549
3,7,0,4,1,1,30.0,30.0,52.96,0.15,7446
4,11,0,3,1,1,4.0,7.0,50.62,0.21,5260
3,8,0,2,1,1,31.0,31.0,62.0,0.19,2779
2,4,0,4,1,1,14.0,18.0,54.04,0.11,3267
4,11,0,3,1,1,9.0,14.0,71.88,0.08,4186
2,5,0,5,1,1,28.0,29.0,65.38,0.24,4679
1,2,0,3,1,1,15.0,18.0,50.79,0.19,4579
4,12,0,2,1,1,11.0,15.0,66.62,0.22,5557
2,6,0,6,0,1,30.0,30.0,43.71,0.14,7498
2,6,0,3,1,1,24.0,26.0,47.17,0.17,5180
2,4,0,1,1,1,16.0,19.0,31.75,0.36,5585
2,3,0,2,1,1,13.0,17.0,62.46,0.23,2703
2,3,0,3,1,2,18.0,21.0,82.12,0.09,1346
1,1,0,1,1,1,-5.0,-1.0,48.29,0.22,1321
4,12,0,5,1,2,5.0,9.0,76.42,0.13,5008
4,11,0,4,1,2,7.0,9.0,57.58,0.31,3053
3,7,0,6,0,1,33.0,33.0,61.33,0.16,6685
3,6,0,3,1,1,31.0,30.0,49.79,0.26,5225
2,6,0,3,1,1,26.0,28.0,58.21,0.34,7421
4,10,0,1,1,2,18.0,21.0,64.92,0.09,6778
3,8,0,0,0,1,33.0,35.0,65.25,0.29,5464
1,1,0,4,1,1,-2.0,4.0,51.83,0.09,1606
3,7,0,0,0,1,30.0,31.0,60.42,0.25,5302
3,7,0,5,1,1,34.0,35.0,59.46,0.15,6904
2,4,0,3,1,1,19.0,23.0,46.96,0.18,2204
3,9,0,1,1,2,20.0,22.0,69.0,0.15,4539
4,11,0,2,1,1,10.0,14.0,68.38,0.14,4068
3,8,0,1,1,1,30.0,31.0,54.54,0.14,6883
1,3,0,4,1,1,16.0,19.0,61.54,0.23,4990
1,2,0,2,1,1,-1.0,1.0,53.79,0.36,1530
3,9,0,1,1,2,22.0,24.0,73.46,0.15,6869
4,11,0,5,1,2,10.0,14.0,62.25,0.27,4046
3,8,0,1,1,2,25.0,27.0,73.42,0.13,2250
2,6,0,0,0,1,29.0,30.0,74.79,0.16,4460
1,3,0,3,1,2,4.0,7.0,77.54,0.22,1891
2,5,0,4,1,1,14.0,17.0,44.42,0.3,4433
1,2,0,3,1,2,-7.0,-2.0,49.48,0.19,1605
1,1,0,3,1,1,-1.0,3.0,43.7,0.19,1600
1,2,0,4,1,1,-3.0,0.0,43.78,0.28,1550
2,4,0,2,1,1,11.0,15.0,45.42,0.25,5633
4,10,0,6,0,1,18.0,21.0,70.12,0.05,5409
2,4,0,0,0,2,12.0,16.0,85.75,0.15,2895
2,6,0,0,0,1,22.0,25.0,59.88,0.14,6978
3,7,1,3,0,1,35.0,35.0,53.87,0.13,7403
3,8,0,4,1,2,28.0,30.0,77.17,0.21,3542
1,2,0,6,0,2,2.0,6.0,77.96,0.12,7389
1,1,0,2,1,1,7.0,11.0,83.58,0.12,4339
4,10,0,2,1,1,15.0,18.0,55.83,0.18,7534
2,5,0,6,0,1,29.0,29.0,73.25,0.2,6536
1,1,0,6,0,1,10.0,14.0,53.17,0.17,4521
2,3,0,4,1,1,16.0,19.0,43.92,0.32,6133
3,7,0,3,1,1,30.0,32.0,74.33,0.15,4629
2,3,0,6,0,2,12.0,16.0,73.83,0.25,6235
4,10,0,1,1,1,16.0,19.0,56.83,0.08,7058
3,9,0,0,0,1,17.0,20.0,69.5,0.18,4274
2,4,0,6,0,2,9.0,13.0,48.96,0.13,4220
4,12,0,6,0,2,9.0,14.0,91.12,0.1,5582
2,5,0,0,0,2,20.0,23.0,74.0,0.15,6359
3,7,0,3,1,1,33.0,36.0,70.71,0.11,4332
4,11,0,2,1,2,3.0,7.0,78.67,0.24,3959
1,3,0,0,0,1,6.0,10.0,47.38,0.21,2471
3,9,0,6,0,1,26.0,27.0,64.67,0.28,8395
1,2,0,6,0,1,-1.0,4.0,54.42,0.2,1472
2,5,0,6,0,2,18.0,21.0,92.25,0.13,3409
1,1,0,0,0,1,6.0,10.0,46.5,0.19,3425
4,10,0,6,0,1,16.0,19.0,57.29,0.12,8090
3,9,0,4,1,3,25.0,24.0,93.96,0.19,1842
4,9,0,0,0,1,18.0,22.0,58.33,0.13,6889
1,2,1,1,0,1,3.0,6.0,50.78,0.23,3129
4,11,0,0,0,2,14.0,18.0,68.46,0.19,3520
3,7,0,2,1,1,35.0,36.0,55.92,0.2,4258
2,5,0,4,1,2,20.0,23.0,76.83,0.13,6421
4,11,0,0,0,1,7.0,10.0,69.29,0.23,4669
2,5,0,2,1,2,24.0,25.0,65.96,0.16,5740
3,6,0,6,0,1,33.0,32.0,60.12,0.16,5687
2,3,0,6,0,2,17.0,20.0,88.54,0.19,3372
2,4,0,4,1,2,16.0,19.0,75.67,0.18,5026
2,6,0,2,1,1,30.0,30.0,59.79,0.19,4833
2,6,0,3,1,1,20.0,23.0,61.12,0.08,7055
3,9,0,6,0,2,32.0,33.0,63.83,0.11,6140
4,12,0,1,1,1,14.0,18.0,76.75,0.08,6234
2,3,0,3,1,1,16.0,19.0,48.12,0.29,5698
4,11,0,4,1,1,11.0,15.0,70.21,0.14,8839
3,9,0,4,1,1,19.0,23.0,61.83,0.12,7720
2,4,0,3,1,2,11.0,15.0,81.92,0.25,2162
1,2,0,2,1,1,-4.0,1.0,57.78,0.2,1450
2,5,0,5,1,1,28.0,29.0,74.71,0.14,6734
1,1,0,2,1,1,4.0,9.0,64.65,0.19,3598
1,1,0,6,0,1,-4.0,1.0,45.75,0.19,2493
2,4,0,5,1,2,6.0,9.0,83.62,0.23,1471
3,7,0,2,1,1,30.0,31.0,70.42,0.17,7216
2,5,0,1,1,1,19.0,22.0,58.88,0.18,4362
3,6,0,1,1,2,28.0,29.0,65.83,0.11,4708
2,4,0,4,1,1,14.0,18.0,40.71,0.33,4189
3,6,0,4,1,1,32.0,32.0,42.25,0.17,2264
2,4,0,3,1,1,15.0,19.0,42.79,0.12,6196
1,12,0,3,1,2,12.0,16.0,85.83,0.22,8509
2,6,0,0,0,1,31.0,31.0,53.83,0.13,6598
2,5,0,1,1,2,25.0,26.0,81.0,0.23,4274
4,9,0,6,0,1,19.0,22.0,54.29,0.23,5259
1,1,0,5,1,2,-3.0,2.0,49.87,0.17,1510
4,9,0,0,0,2,25.0,25.0,84.5,0.05,5010
3,8,0,6,0,2,27.0,28.0,71.29,0.24,6053
3,8,0,5,1,1,29.0,31.0,76.12,0.08,4661
2,4,0,1,1,1,12.0,16.0,50.43,0.31,5936
1,2,0,1,1,2,11.0,14.0,87.64,0.29,1446
3,8,0,0,0,1,30.0,32.0,77.0,0.25,3873
4,12,0,4,1,1,4.0,8.0,48.58,0.17,5532
3,8,0,3,1,1,27.0,28.0,67.71,0.07,7375
3,7,0,6,0,1,38.0,40.0,50.0,0.13,3285
4,11,0,3,1,1,3.0,7.0,55.21,0.2,5495
4,10,0,3,1,3,19.0,22.0,90.62,0.25,2416
1,2,0,5,1,2,11.0,15.0,73.75,0.24,3487
1,1,0,1,1,1,-3.0,1.0,43.73,0.25,1349
4,12,0,1,1,2,10.0,14.0,90.71,0.1,4585
1,1,0,3,1,1,4.0,8.0,64.38,0.16,4270
3,8,0,6,0,2,30.0,32.0,75.5,0.23,4294
1,12,0,2,1,2,5.0,10.0,76.25,0.19,1162
1,2,0,3,1,1,5.0,9.0,42.35,0.25,2115
4,12,0,0,0,2,7.0,12.0,82.33,0.12,4649
3,8,0,0,0,2,28.0,28.0,81.75,0.22,8730
1,1,0,3,1,2,3.0,8.0,74.17,0.21,1650
2,6,0,6,0,1,29.0,30.0,67.04,0.12,5119
3,8,0,3,1,1,31.0,31.0,57.54,0.14,4694
4,10,0,4,1,1,15.0,18.0,63.62,0.42,4195
3,8,0,2,1,1,29.0,30.0,57.83,0.24,4725
3,9,0,0,0,2,29.0,30.0,81.5,0.06,5810
3,7,0,2,1,1,34.0,33.0,49.21,0.13,6660
4,11,0,5,1,1,9.0,13.0,64.38,0.1,2792
4,10,0,2,1,2,21.0,23.0,80.88,0.14,4563
4,11,0,5,1,1,8.0,11.0,54.08,0.21,5992
4,12,0,2,1,2,7.0,10.0,59.67,0.3,5501
3,7,0,2,1,2,30.0,31.0,66.75,0.15,6290
2,4,0,5,1,1,14.0,18.0,40.08,0.35,6233
2,4,0,1,1,1,21.0,23.0,42.62,0.39,3115
3,8,0,2,1,1,34.0,34.0,49.12,0.21,4845
3,9,0,5,1,2,15.0,18.0,59.04,0.16,4760
4,12,0,0,0,1,6.0,11.0,77.58,0.08,3485
4,10,0,3,1,3,19.0,21.0,89.52,0.24,2424
3,9,0,5,1,1,29.0,30.0,73.62,0.17,7504
2,4,0,0,0,1,14.0,17.0,47.96,0.3,3744
2,4,0,2,1,1,25.0,26.0,72.92,0.33,4400
2,6,0,3,1,1,34.0,35.0,62.21,0.14,4401
1,12,0,3,1,3,0.0,3.0,82.33,0.32,441
3,8,0,2,1,1,31.0,32.0,68.67,0.17,6784
1,2,0,0,0,1,3.0,7.0,56.83,0.14,1623
2,5,0,5,1,1,19.0,22.0,36.04,0.24,7030
1,12,0,4,1,1,1.0,6.0,57.42,0.12,2423
1,3,0,0,0,1,6.0,8.0,40.33,0.33,3423
3,7,0,0,0,1,37.0,39.0,55.08,0.17,3606
3,9,0,5,1,2,26.0,27.0,72.71,0.14,4727
3,8,0,3,1,1,33.0,32.0,42.42,0.2,4780
3,9,0,0,0,1,30.0,31.0,74.21,0.21,4940
1,1,0,0,0,1,8.0,13.0,69.25,0.19,2294
2,4,0,4,1,1,16.0,20.0,61.25,0.07,6565
